{
  "$schema": "https://raw.githubusercontent.com/grafana/grafana/master/docs/sources/developers/plugins/plugin.schema.json",
  "type": "panel",
  "name": "dbs-box",
  "id": "dbs-box",
  "info": {
    "description": "",
    "author": {
      "name": "Jayanuwan",
      "url": ""
    },
    "keywords": [],
    "logos": {
      "small": "img/logo.svg",
      "large": "img/logo.svg"
    },
    "links": [
      {
        "name": "Website",
        "url": "https://github.com/grafana/grafana-starter-panel"
      },
      {
        "name": "License",
        "url": "https://github.com/grafana/grafana-starter-panel/blob/master/LICENSE"
      }
    ],
    "screenshots": [],
    "version": "%VERSION%",
    "updated": "%TODAY%"
  },
  "dependencies": {
    "grafanaDependency": ">=7.0.0",
    "plugins": []
  }
}